{"cameraMode":{"drawMode":0,"name":"Shaded","section":"Shading Mode"},"sceneLighting":true,"audioPlay":false,"sceneViewState":{"m_AlwaysRefresh":false,"showFog":true,"showSkybox":true,"showFlares":true,"showImageEffects":true,"showParticleSystems":true,"showVisualEffectGraphs":true,"m_FxEnabled":true},"in2DMode":false,"pivot":{"x":18.960962295532228,"y":-3.437037944793701,"z":0.6445757746696472},"rotation":{"x":0.15354298055171967,"y":0.7828925251960754,"z":-0.21315258741378785,"w":0.5640140771865845},"size":13.660192489624024,"orthographic":false}