{"cameraMode":{"drawMode":0,"name":"Shaded","section":"Shading Mode"},"sceneLighting":true,"audioPlay":false,"sceneViewState":{"m_AlwaysRefresh":false,"showFog":true,"showSkybox":true,"showFlares":true,"showImageEffects":true,"showParticleSystems":true,"showVisualEffectGraphs":true,"m_FxEnabled":true},"in2DMode":false,"pivot":{"x":25.383949279785158,"y":20.17446517944336,"z":20.217681884765626},"rotation":{"x":-0.03582010790705681,"y":0.9342977404594421,"z":-0.34084397554397585,"w":-0.09817948937416077},"size":3.726917266845703,"orthographic":false}