{"cameraMode":{"drawMode":0,"name":"Shaded","section":"Shading Mode"},"sceneLighting":true,"audioPlay":false,"sceneViewState":{"m_AlwaysRefresh":false,"showFog":true,"showSkybox":true,"showFlares":true,"showImageEffects":true,"showParticleSystems":true,"showVisualEffectGraphs":true,"m_FxEnabled":true},"in2DMode":false,"pivot":{"x":18.487037658691408,"y":-3.9624109268188478,"z":-0.7911081314086914},"rotation":{"x":0.08075908571481705,"y":0.9190804958343506,"z":-0.2815992832183838,"w":0.2635897994041443},"size":11.028362274169922,"orthographic":false}